Garmin,Software Engineer Intern,2024-10-14,NC,In Progress
Solidgm,Customer Tools Software Engineering Undergraduate Intern,2024-10-14,CA,In Progress
EPIC GAMES,Game Security Intern,2024-10-13,CA,Rejected
Oshoko,Data Science Engineer Intern,2024-10-12,MD,In Progress
Volvo,Performance Development Engineer,2024-10-14,?,In Progress
Thermo Fisher,Data Science Intern,2024-10-11,MD,Rejected
Skydio,Software Engineer Intern,2024-10-15,CA,In Progress
TwoSix,AI/ML Research Intern,2024-10-16,VA,Rejected
Cigna,Technology Development Program (TECDP) Summer Internshipâ€¯2025,2024-10-17,"TX, TN",In Progress
Cigna,Software Engineering Internship,2024-10-17,"TX, TN",In Progress
Leidos,Database Development and Administration Intern,2024-10-18,MD,In Progress
Zoo,Mobile App Developer,2024-10-22,CA,In Progress
Western Digital,"Summer 2025,Co-Op, Software Engineer",2024-10-24,MN,In Progress
Solidigm,SSD Firmware Development undergrad intern,2024-10-24,CA,In Progress
Marvel,Software Engineer Intern,2024-10-24,CA,In Progress
Spectrum,2025 Summer Intern: Network Engineer,2024-10-25,TX,In Progress
Uline,Software Developer Internship - Summer 2025,2024-10-25,WI,In Progress
Centene,Application Development Intern (Undergraduate - Summer 2025),2024-10-25,RM,In Progress
Man Tech,Software Developer Intern,2024-10-25,RM,In Progress
Lumen,Intern - Big Data Software Engineer - Summer 2025,2024-10-25,RM,In Progress
Wokelo AI,Software Testing Intern,2024-10-25,RM,In Progress
Lumen,Intern - Operations Engineer - Summer 2025,2024-10-25,RM,In Progress
AI Republic,Frontend Software Engineer Intern,2024-10-26,RM,In Progress
Alien Attorney,Startup Software Developer Intern,2024-10-26,RM,In Progress
Tera,Software Developer Intern,2024-10-26,RM,In Progress
Hexegon,Front End Development Intern,2024-10-26,,In Progress
Atlassian,"Site Reliability Engineer Intern, 2025 Summer U.S.",2024-10-26,RM,In Progress
Wokelo AI,Backend Development Intern,2024-10-26,RM,In Progress
"Health Genie, LLC",Software Engineer/Computer Science - Remote Internship,2024-10-26,RM,In Progress
Sirius XM,"Summer Intern, Software Engineering",2024-10-26,RM,In Progress
Lockheed Martin,Software Engineer intern,2024-11-24,MD,In Progress
Experian,Backend Software Engineer Intern,2024-11-24,MD,In Progress
Raft,Raft Software Engineering Intern,2024-11-25,RM,In Progress
